{"artboards":[{"name":"faq","type":"group","bounds":{"width":960.696044921875,"height":897.0029296875,"x":479.3039855957031,"y":12573.9970703125},"style":{},"id":"44ae200e-c94a-47bc-a8e7-55dd06ab7d34","transform":{"a":1,"b":0,"c":0,"d":1,"e":0,"f":0},"children":[{"name":"q1","type":"group","bounds":{"width":960.696044921875,"height":395.0029296875,"x":479.3039855957031,"y":12573.9970703125},"style":{},"id":"13658b53-f68c-4ce1-b70c-40862c8a5d8a","transform":{"a":1,"b":0,"c":0,"d":1,"e":0,"f":0},"children":[{"name":"Arrow 07 - www.Shapes4FREE.com1","type":"path","bounds":{"width":13.9998779296875,"height":9.9921875,"x":1397.000244140625,"y":12793.03125},"style":{"fill":{"type":"color","rgba":"rgba(50, 38, 16, 255)","hex":"#322610"}},"id":"00e95ee6-02eb-473e-85d9-0fb0ffec8853","transform":{"a":1,"b":0,"c":0,"d":1,"e":0,"f":0},"children":[]},{"name":"グループ 11","type":"group","bounds":{"width":960.696044921875,"height":395.0029296875,"x":479.3039855957031,"y":12573.9970703125},"style":{},"id":"1e1e4cbc-e5ae-4a54-a694-7ba52564abd5","transform":{"a":1,"b":0,"c":0,"d":1,"e":0,"f":0},"children":[{"name":"Q","type":"text","bounds":{"width":19,"height":24,"x":479.3039855957031,"y":12788.05078125},"style":{"fontFamily":"Helvetica-Bold","fontSize":24,"textAlign":"left","lineHeight":38,"letterSpacing":100,"fill":{"type":"color","rgba":"rgba(5, 134, 143, 255)","hex":"#05868F"}},"id":"0af2027a-99ba-4c4e-b470-9603b6ff26a4","transform":{"a":1,"b":0,"c":0,"d":1,"e":479.3039855957031,"f":12806.05078125},"text":"Q","children":[]},{"name":"ttl_faq","type":"group","bounds":{"width":273.99993896484375,"height":105,"x":827.8369750976562,"y":12573.9970703125},"style":{},"id":"93471272-a5e5-449f-b56f-16dd04898423","transform":{"a":1,"b":0,"c":0,"d":1,"e":0,"f":0},"children":[{"name":"よくあるご質問","type":"text","bounds":{"width":273.99993896484375,"height":52,"x":827.8369750976562,"y":12626.9970703125},"style":{"fontFamily":"NotoSansCJKjp-Bold","fontSize":36,"textAlign":"center","lineHeight":75.99999237060547,"letterSpacing":100,"fill":{"type":"color","rgba":"rgba(16, 16, 16, 255)","hex":"#101010"}},"id":"0bbc31c0-05fb-4d0d-b81f-b3dd42ff7903","transform":{"a":1,"b":0,"c":0,"d":1,"e":964.8369750976562,"f":12668.9970703125},"text":"よくあるご質問","children":[]},{"name":"FAQ","type":"text","bounds":{"width":30,"height":24,"x":944.2369995117188,"y":12573.9970703125},"style":{"fontFamily":"DINCondensed-Bold","fontSize":24,"textAlign":"center","lineHeight":75.99999237060547,"letterSpacing":50,"fill":{"type":"color","rgba":"rgba(104, 187, 192, 255)","hex":"#68BBC0"}},"id":"140c9c11-9433-4ca7-9494-421bf0587618","transform":{"a":1,"b":0,"c":0,"d":1,"e":959.2369995117188,"f":12590.9970703125},"text":"FAQ","children":[]}]},{"name":"A","type":"text","bounds":{"width":17,"height":24,"x":479.3039855957031,"y":12848.05078125},"style":{"fontFamily":"Helvetica-Bold","fontSize":24,"textAlign":"left","lineHeight":38,"letterSpacing":100,"fill":{"type":"color","rgba":"rgba(185, 41, 88, 255)","hex":"#B92958"}},"id":"1fa3bc34-d293-4208-a11a-e6a1f2860d0c","transform":{"a":1,"b":0,"c":0,"d":1,"e":479.3039855957031,"f":12866.05078125},"text":"A","children":[]},{"name":"導入にはどのくらいの期間がかかりますか？","type":"text","bounds":{"width":438,"height":29,"x":544.406005859375,"y":12783.091796875},"style":{"fontFamily":"NotoSansCJKjp-Medium","fontSize":20,"textAlign":"left","lineHeight":31,"letterSpacing":100,"fill":{"type":"color","rgba":"rgba(50, 38, 16, 255)","hex":"#322610"}},"id":"e9ef0315-964a-4367-b655-c950867d4863","transform":{"a":1,"b":0,"c":0,"d":1,"e":544.406005859375,"f":12806.091796875},"text":"導入にはどのくらいの期間がかかりますか？","children":[]},{"name":"設置工事自体は1日で完了します。\nただし、事前に最適な設置プランをご提案するための現地調査や調整に時間をいただきます。\n無料診断から設置完了までの具体的なスケジュールは、個別にお問い合わせください。","type":"text","bounds":{"width":736,"height":86,"x":543.406005859375,"y":12848.091796875},"style":{"fontFamily":"NotoSansCJKjp-Medium","fontSize":16,"textAlign":"left","lineHeight":31,"letterSpacing":100,"fill":{"type":"color","rgba":"rgba(50, 38, 16, 255)","hex":"#322610"}},"id":"53838ded-6309-42d7-8a45-4b79415bf1c6","transform":{"a":1,"b":0,"c":0,"d":1,"e":543.406005859375,"f":12867.091796875},"text":"設置工事自体は1日で完了します。\nただし、事前に最適な設置プランをご提案するための現地調査や調整に時間をいただきます。\n無料診断から設置完了までの具体的なスケジュールは、個別にお問い合わせください。","children":[]},{"name":"長方形 16","type":"rectangle","bounds":{"width":960,"height":2,"x":480,"y":12755},"style":{"fill":{"type":"color","rgba":"rgba(50, 38, 16, 255)","hex":"#322610"}},"id":"025fc387-9b00-4092-91df-442de41596e9","transform":{"a":1,"b":0,"c":0,"d":1,"e":480,"f":12755},"children":[]},{"name":"長方形 16 のコピー","type":"rectangle","bounds":{"width":960,"height":2,"x":480,"y":12967},"style":{"fill":{"type":"color","rgba":"rgba(50, 38, 16, 255)","hex":"#322610"}},"id":"158a73e3-2c17-4d66-8eb1-00f1ae0d876e","transform":{"a":1,"b":0,"c":0,"d":1,"e":480,"f":12967},"children":[]}]}]},{"name":"q2","type":"group","bounds":{"width":960.696044921875,"height":67.908203125,"x":479.3039855957031,"y":13001.091796875},"style":{},"id":"f45c5859-8cab-4c92-87a3-ac6dd8bf346a","transform":{"a":1,"b":0,"c":0,"d":1,"e":0,"f":0},"children":[{"name":"Q","type":"text","bounds":{"width":19,"height":24,"x":479.3039855957031,"y":13008.05078125},"style":{"fontFamily":"Helvetica-Bold","fontSize":24,"textAlign":"left","lineHeight":38,"letterSpacing":100,"fill":{"type":"color","rgba":"rgba(5, 134, 143, 255)","hex":"#05868F"}},"id":"19592213-9f1c-4b88-a9f9-ec007b964627","transform":{"a":1,"b":0,"c":0,"d":1,"e":479.3039855957031,"f":13026.05078125},"text":"Q","children":[]},{"name":"カメラの設置工事の際、在宅は必要ですか？","type":"text","bounds":{"width":438,"height":29,"x":544.406005859375,"y":13001.091796875},"style":{"fontFamily":"NotoSansCJKjp-Medium","fontSize":20,"textAlign":"left","lineHeight":31,"letterSpacing":100,"fill":{"type":"color","rgba":"rgba(50, 38, 16, 255)","hex":"#322610"}},"id":"16cec4ae-55b6-4265-9f56-36697d11a71c","transform":{"a":1,"b":0,"c":0,"d":1,"e":544.406005859375,"f":13024.091796875},"text":"カメラの設置工事の際、在宅は必要ですか？","children":[]},{"name":"長方形 16 のコピー","type":"rectangle","bounds":{"width":960,"height":2,"x":480,"y":13067},"style":{"fill":{"type":"color","rgba":"rgba(50, 38, 16, 255)","hex":"#322610"}},"id":"31638958-60ac-4143-b46c-3bf2d4d963ba","transform":{"a":1,"b":0,"c":0,"d":1,"e":480,"f":13067},"children":[]},{"name":"Arrow 07 - www.Shapes4FREE.com1","type":"path","bounds":{"width":13.9998779296875,"height":9.9921875,"x":1397.000244140625,"y":13011.0078125},"style":{"fill":{"type":"color","rgba":"rgba(50, 38, 16, 255)","hex":"#322610"}},"id":"254c9249-58b7-41a1-b780-3168535e7f79","transform":{"a":1,"b":0,"c":0,"d":1,"e":0,"f":0},"children":[]}]},{"name":"q3","type":"group","bounds":{"width":960.696044921875,"height":67.908203125,"x":479.3039855957031,"y":13101.091796875},"style":{},"id":"30c77f33-8802-4248-8b4a-12dbcb984b8b","transform":{"a":1,"b":0,"c":0,"d":1,"e":0,"f":0},"children":[{"name":"Q","type":"text","bounds":{"width":19,"height":24,"x":479.3039855957031,"y":13108.05078125},"style":{"fontFamily":"Helvetica-Bold","fontSize":24,"textAlign":"left","lineHeight":38,"letterSpacing":100,"fill":{"type":"color","rgba":"rgba(5, 134, 143, 255)","hex":"#05868F"}},"id":"685e436d-7184-4ce0-bee3-9536f6cdffda","transform":{"a":1,"b":0,"c":0,"d":1,"e":479.3039855957031,"f":13126.05078125},"text":"Q","children":[]},{"name":"設置後のメンテナンスやフォローアップはありますか？","type":"text","bounds":{"width":547,"height":29,"x":544.406005859375,"y":13101.091796875},"style":{"fontFamily":"NotoSansCJKjp-Medium","fontSize":20,"textAlign":"left","lineHeight":31,"letterSpacing":100,"fill":{"type":"color","rgba":"rgba(50, 38, 16, 255)","hex":"#322610"}},"id":"e310f9c5-dc12-4a0b-8391-cb21e710208c","transform":{"a":1,"b":0,"c":0,"d":1,"e":544.406005859375,"f":13124.091796875},"text":"設置後のメンテナンスやフォローアップはありますか？","children":[]},{"name":"長方形 16 のコピー","type":"rectangle","bounds":{"width":960,"height":2,"x":480,"y":13167},"style":{"fill":{"type":"color","rgba":"rgba(50, 38, 16, 255)","hex":"#322610"}},